,,ai@gmail.com,$2a$10$QMvdslkqPlCrb66jIu7cP.pY9RQQOR686dyqtbxIYEZGQpka5CMCa,MEMBRE
jj,oo,na@gmail.com,$2a$10$i4i8hVEG1Hvtu/G818W1serpXNQIS9zNaugVZP0E1n.J81NIl5ibS,MEMBRE
tinguere,aicha,aicha@gmail.com,$2a$10$Rbq0RKqJOnOqrYxRKg4t7e9mk3CpCIgGrUpIlWaUjbd/qJCdNqMzu,MEMBRE
o,k,hh@gg@gmail.com,$2a$10$3SO2XXAMpT8da5yg6XopJethy3K8olTKStqT658MUdHe0bbcIETBa,MEMBRE
kk,ooo,k@gmail.com,$2a$10$0YUf/RpVWz7h2gmY4W1yO.i0JubjXFU56zOjxOJIKxHljeyb9iFRm,MEMBRE
bb,iia,aii@gmail.com,$2a$10$gZyGgiehWlF0eyDIy9TN2OTQMPK.yb2QSbOFzR0qpxKSMDFQ7IIVC,MEMBRE
aicha,ting,admin1@gmail.com,$2a$10$Xvinq5QF65fjnJfcRUE8nOM6pd/K9wtu6M4Ngo481Ob2Dx1VruKc2,MEMBRE
TInguere,aicha,admin@gmail.com,$2a$10$z/7m0qOi5d0vq1Rsm4X8T.wT/p329OEJSrpePEtmJDBm2W/h7koBO,ADMINISTRATEUR
akiaa,nn, bbbb@jj.com,$2a$10$U9JwFvo244If9T8dVi5uluHOY/E7qWI1D/jSZlBBFQKBzS3BlebJG,MEMBRE
,,ai@gmail.com,$2a$10$Axqvfewwo417G1XATGw1J.zx6AmgKvXY8VUEVoYMAipcvlBY4bleG,MEMBRE
,,ai@gmail.com,$2a$10$4kkfy7cGjkBWGR2Pb7EYOuB/qEL66HH2X89oJuM3s/f4N.Z0oOxd6,MEMBRE
